{
  "n_configs": 9,
  "n_tested": 9,
  "n_lorentzian": 0,
  "lorentzian_configs": [],
  "results": [
    {
      "config_name": "baseline_1d",
      "lorentzian_found": false,
      "lorentzian_fraction": 0.0,
      "dominant_signature": "degenerate",
      "n_transitions": 0,
      "max_negative_eigenvalue": null,
      "steps_lorentzian": [],
      "points_lorentzian": [],
      "duration_seconds": 4.769713401794434
    },
    {
      "config_name": "baseline_2d",
      "lorentzian_found": false,
      "lorentzian_fraction": 0.0,
      "dominant_signature": "riemannian",
      "n_transitions": 0,
      "max_negative_eigenvalue": null,
      "steps_lorentzian": [],
      "points_lorentzian": [],
      "duration_seconds": 6.0081164836883545
    },
    {
      "config_name": "gauge_weak",
      "lorentzian_found": false,
      "lorentzian_fraction": 0.0,
      "dominant_signature": "riemannian",
      "n_transitions": 0,
      "max_negative_eigenvalue": null,
      "steps_lorentzian": [],
      "points_lorentzian": [],
      "duration_seconds": 6.0169830322265625
    },
    {
      "config_name": "gauge_strong",
      "lorentzian_found": false,
      "lorentzian_fraction": 0.0,
      "dominant_signature": "riemannian",
      "n_transitions": 0,
      "max_negative_eigenvalue": null,
      "steps_lorentzian": [],
      "points_lorentzian": [],
      "duration_seconds": 5.999398469924927
    },
    {
      "config_name": "gauge_extreme",
      "lorentzian_found": false,
      "lorentzian_fraction": 0.0,
      "dominant_signature": "riemannian",
      "n_transitions": 0,
      "max_negative_eigenvalue": null,
      "steps_lorentzian": [],
      "points_lorentzian": [],
      "duration_seconds": 6.038865327835083
    },
    {
      "config_name": "hamiltonian_light_damping",
      "lorentzian_found": false,
      "lorentzian_fraction": 0.0,
      "dominant_signature": "riemannian",
      "n_transitions": 0,
      "max_negative_eigenvalue": null,
      "steps_lorentzian": [],
      "points_lorentzian": [],
      "duration_seconds": 14.01783561706543
    },
    {
      "config_name": "hamiltonian_underdamped",
      "lorentzian_found": false,
      "lorentzian_fraction": 0.0,
      "dominant_signature": "riemannian",
      "n_transitions": 0,
      "max_negative_eigenvalue": null,
      "steps_lorentzian": [],
      "points_lorentzian": [],
      "duration_seconds": 13.880149602890015
    },
    {
      "config_name": "hamiltonian_with_gauge",
      "lorentzian_found": false,
      "lorentzian_fraction": 0.0,
      "dominant_signature": "riemannian",
      "n_transitions": 0,
      "max_negative_eigenvalue": null,
      "steps_lorentzian": [],
      "points_lorentzian": [],
      "duration_seconds": 14.049162149429321
    },
    {
      "config_name": "sharp_covariances",
      "lorentzian_found": false,
      "lorentzian_fraction": 0.0,
      "dominant_signature": "riemannian",
      "n_transitions": 0,
      "max_negative_eigenvalue": null,
      "steps_lorentzian": [],
      "points_lorentzian": [],
      "duration_seconds": 5.773211717605591
    }
  ]
}